{
    "lr: 0.01, epochs: 100, T: 20.0, weight: 0.9, classes: [0, 1, 2, 3, 4, 5, 6, 7, 8] val loss": 0.04599,
    "lr: 0.01, epochs: 100, T: 20.0, weight: 0.9, classes: [0, 1, 2, 3, 4, 5, 6, 7, 8] classwise_performance": {
        "0": 0.99286,
        "1": 0.99648,
        "2": 0.99612,
        "3": 0.99703,
        "4": 0.9888,
        "5": 0.99215,
        "6": 0.98956,
        "7": 0.99027,
        "8": 1.0,
        "9": 0.96829
    },
    "lr: 0.01, epochs: 120, T: 25.0, weight: 0.9, classes: [0, 1, 2, 3, 4, 5, 6, 7, 8] val loss": 0.04594,
    "lr: 0.01, epochs: 120, T: 25.0, weight: 0.9, classes: [0, 1, 2, 3, 4, 5, 6, 7, 8] classwise_performance": {
        "0": 0.99388,
        "1": 0.99559,
        "2": 0.99709,
        "3": 0.99703,
        "4": 0.99389,
        "5": 0.98991,
        "6": 0.99269,
        "7": 0.99125,
        "8": 0.99692,
        "9": 0.97225
    }
}