{"lr: 0.01, epochs: 70, T: 2.5, weight: 0.9 val loss": 0.0499, "lr: 0.01, epochs: 70, T: 2.5, weight: 0.9 classwise_performance": {"0": 0.98061, "1": 0.96388, "2": 0.88663, "3": 0.93168, "4": 0.9501, "5": 0.65919, "6": 0.95825, "7": 0.92802, "8": 0.96099, "9": 0.36472}, "lr: 0.01, epochs: 70, T: 2.0, weight: 0.9 val loss": 0.05013, "lr: 0.01, epochs: 70, T: 2.0, weight: 0.9 classwise_performance": {"0": 0.98163, "1": 0.963, "2": 0.88566, "3": 0.92772, "4": 0.95316, "5": 0.6917, "6": 0.95511, "7": 0.93482, "8": 0.95996, "9": 0.26462}, "lr: 0.03, epochs: 70, T: 2.5, weight: 0.9 val loss": 0.05276, "lr: 0.03, epochs: 70, T: 2.5, weight: 0.9 classwise_performance": {"0": 0.98673, "1": 0.98943, "2": 0.93314, "3": 0.96832, "4": 0.97149, "5": 0.787, "6": 0.72547, "7": 0.64591, "8": 0.68583, "9": 0.58672}, "lr: 0.01, epochs: 70, T: 1.5, weight: 0.9 val loss": 0.05345, "lr: 0.01, epochs: 70, T: 1.5, weight: 0.9 classwise_performance": {"0": 0.99082, "1": 0.99031, "2": 0.93411, "3": 0.96832, "4": 0.97862, "5": 0.80717, "6": 0.65658, "7": 0.63813, "8": 0.51848, "9": 0.48464}}