{
    "lr: 0.001, epochs: 70, T: 20.0, weight: 0.9 val loss": 0.05789,
    "lr: 0.001, epochs: 70, T: 20.0, weight: 0.9 classwise_performance": {
        "0": 0.95816,
        "1": 0.98502,
        "2": 0.90601,
        "3": 0.93861,
        "4": 0.96334,
        "5": 0.84529,
        "6": 0.1096,
        "7": 0.23541,
        "8": 0.01745,
        "9": 0.13181
    },
    "lr: 0.001, epochs: 70, T: 15.0, weight: 0.9 val loss": 0.05773,
    "lr: 0.001, epochs: 70, T: 15.0, weight: 0.9 classwise_performance": {
        "0": 0.95918,
        "1": 0.9859,
        "2": 0.91279,
        "3": 0.9396,
        "4": 0.9613,
        "5": 0.85538,
        "6": 0.12944,
        "7": 0.25097,
        "8": 0.01848,
        "9": 0.13875
    },
    "lr: 0.001, epochs: 70, T: 10.0, weight: 0.9 val loss": 0.05758,
    "lr: 0.001, epochs: 70, T: 10.0, weight: 0.9 classwise_performance": {
        "0": 0.97143,
        "1": 0.9859,
        "2": 0.92054,
        "3": 0.94158,
        "4": 0.96538,
        "5": 0.86435,
        "6": 0.14718,
        "7": 0.26459,
        "8": 0.01848,
        "9": 0.12785
    },
    "lr: 0.001, epochs: 70, T: 5.0, weight: 0.9 val loss": 0.05757,
    "lr: 0.001, epochs: 70, T: 5.0, weight: 0.9 classwise_performance": {
        "0": 0.98163,
        "1": 0.9859,
        "2": 0.92733,
        "3": 0.94257,
        "4": 0.97149,
        "5": 0.86659,
        "6": 0.1023,
        "7": 0.25486,
        "8": 0.00821,
        "9": 0.06343
    },
    "lr: 0.001, epochs: 70, T: 2.5, weight: 0.9 val loss": 0.05798,
    "lr: 0.001, epochs: 70, T: 2.5, weight: 0.9 classwise_performance": {
        "0": 0.98878,
        "1": 0.9859,
        "2": 0.93023,
        "3": 0.93762,
        "4": 0.97352,
        "5": 0.87108,
        "6": 0.0334,
        "7": 0.18191,
        "8": 0.00103,
        "9": 0.01586
    },
    "lr: 0.01, epochs: 70, T: 2.5, weight: 0.9 val loss": 0.05356,
    "lr: 0.01, epochs: 70, T: 2.5, weight: 0.9 classwise_performance": {
        "0": 0.99082,
        "1": 0.98943,
        "2": 0.93314,
        "3": 0.96931,
        "4": 0.9776,
        "5": 0.81502,
        "6": 0.65031,
        "7": 0.60311,
        "8": 0.48152,
        "9": 0.47869
    }
}