{
    "lr: 0.01, epochs: 70, T: 20.0, weight: 0.9 val loss": 0.05721,
    "lr: 0.01, epochs: 70, T: 20.0, weight: 0.9 classwise_performance": {
        "0": 0.94592,
        "1": 0.98678,
        "2": 0.91473,
        "3": 0.95248,
        "4": 0.95112,
        "5": 0.78475,
        "6": 0.24739,
        "7": 0.34339,
        "8": 0.28747,
        "9": 0.25074
    },
    "lr: 0.01, epochs: 70, T: 15.0, weight: 0.9 val loss": 0.05695,
    "lr: 0.01, epochs: 70, T: 15.0, weight: 0.9 classwise_performance": {
        "0": 0.95,
        "1": 0.98678,
        "2": 0.92054,
        "3": 0.95347,
        "4": 0.94807,
        "5": 0.79484,
        "6": 0.32985,
        "7": 0.38035,
        "8": 0.36345,
        "9": 0.32111
    },
    "lr: 0.01, epochs: 70, T: 10.0, weight: 0.9 val loss": 0.05645,
    "lr: 0.01, epochs: 70, T: 10.0, weight: 0.9 classwise_performance": {
        "0": 0.96837,
        "1": 0.98678,
        "2": 0.92539,
        "3": 0.95347,
        "4": 0.95723,
        "5": 0.82511,
        "6": 0.40188,
        "7": 0.41634,
        "8": 0.32854,
        "9": 0.3558
    },
    "lr: 0.01, epochs: 70, T: 5.0, weight: 0.9 val loss": 0.05474,
    "lr: 0.01, epochs: 70, T: 5.0, weight: 0.9 classwise_performance": {
        "0": 0.98163,
        "1": 0.98767,
        "2": 0.94186,
        "3": 0.9604,
        "4": 0.97149,
        "5": 0.82287,
        "6": 0.57516,
        "7": 0.50875,
        "8": 0.43018,
        "9": 0.46581
    },
    "lr: 0.001, epochs: 70, T: 2.5, weight: 0.9 val loss": 0.05802,
    "lr: 0.001, epochs: 70, T: 2.5, weight: 0.9 classwise_performance": {
        "0": 0.98776,
        "1": 0.98502,
        "2": 0.93217,
        "3": 0.93861,
        "4": 0.97454,
        "5": 0.86883,
        "6": 0.03132,
        "7": 0.16926,
        "8": 0.00205,
        "9": 0.01189
    },
    "lr: 0.01, epochs: 70, T: 2.5, weight: 0.9 val loss": 0.05393,
    "lr: 0.01, epochs: 70, T: 2.5, weight: 0.9 classwise_performance": {
        "0": 0.9898,
        "1": 0.98943,
        "2": 0.93411,
        "3": 0.96436,
        "4": 0.97658,
        "5": 0.82848,
        "6": 0.59916,
        "7": 0.57782,
        "8": 0.41786,
        "9": 0.43409
    }
}