{
    "lr: 0.01, epochs: 70, T: 1.0, weight: 0.0, classes: [0, 1, 2, 3, 4, 5, 6, 7, 8, 9] val loss": 0.04663,
    "lr: 0.01, epochs: 70, T: 1.0, weight: 0.0, classes: [0, 1, 2, 3, 4, 5, 6, 7, 8, 9] classwise_performance": {
        "0": 0.99286,
        "1": 0.9859,
        "2": 0.98256,
        "3": 0.98812,
        "4": 0.96741,
        "5": 0.95291,
        "6": 0.97912,
        "7": 0.9786,
        "8": 0.95688,
        "9": 0.97027
    },
    "lr: 0.01, epochs: 70, T: 2.5, weight: 0.9, classes: [0, 1, 2, 3, 4, 5, 6, 7, 8, 9] val loss": 0.04605,
    "lr: 0.01, epochs: 70, T: 2.5, weight: 0.9, classes: [0, 1, 2, 3, 4, 5, 6, 7, 8, 9] classwise_performance": {
        "0": 0.99286,
        "1": 0.99736,
        "2": 0.99128,
        "3": 0.99604,
        "4": 0.99185,
        "5": 0.98767,
        "6": 0.99269,
        "7": 0.98833,
        "8": 0.98973,
        "9": 0.98315
    }
}