{
    "lr: 0.01, epochs: 70, T: 1.0, weight: 1.0, classes: [0, 1, 2, 3, 4, 5, 6, 7, 8, 9] val loss": 0.04663,
    "lr: 0.01, epochs: 70, T: 1.0, weight: 1.0, classes: [0, 1, 2, 3, 4, 5, 6, 7, 8, 9] classwise_performance": {
        "0": 99.39,
        "1": 98.77,
        "2": 97.77,
        "3": 99.01,
        "4": 97.56,
        "5": 96.97,
        "6": 97.7,
        "7": 97.86,
        "8": 96.2,
        "9": 96.53
    },
    "lr: 0.01, epochs: 70, T: 2.5, weight: 0.1, classes: [0, 1, 2, 3, 4, 5, 6, 7, 8, 9] val loss": 0.04606,
    "lr: 0.01, epochs: 70, T: 2.5, weight: 0.1, classes: [0, 1, 2, 3, 4, 5, 6, 7, 8, 9] classwise_performance": {
        "0": 99.49,
        "1": 99.38,
        "2": 98.84,
        "3": 99.31,
        "4": 99.19,
        "5": 98.54,
        "6": 99.06,
        "7": 99.03,
        "8": 99.28,
        "9": 97.62
    }
}