{
    "lr: 0.01, epochs: 70, T: 20.0, weight: 0.9, classes: [0, 1, 2, 3, 4, 5] val loss": 0.04622,
    "lr: 0.01, epochs: 70, T: 20.0, weight: 0.9, classes: [0, 1, 2, 3, 4, 5] classwise_performance": {
        "0": 0.99286,
        "1": 0.99559,
        "2": 0.99612,
        "3": 0.99802,
        "4": 0.99695,
        "5": 0.98879,
        "6": 0.98017,
        "7": 0.96109,
        "8": 0.97125,
        "9": 0.97522
    },
    "lr: 0.01, epochs: 70, T: 15.0, weight: 0.9, classes: [0, 1, 2, 3, 4, 5] val loss": 0.04614,
    "lr: 0.01, epochs: 70, T: 15.0, weight: 0.9, classes: [0, 1, 2, 3, 4, 5] classwise_performance": {
        "0": 0.9949,
        "1": 0.99559,
        "2": 0.99516,
        "3": 0.99604,
        "4": 0.99389,
        "5": 0.99215,
        "6": 0.98956,
        "7": 0.96595,
        "8": 0.98152,
        "9": 0.97721
    },
    "lr: 0.01, epochs: 70, T: 10.0, weight: 0.9, classes: [0, 1, 2, 3, 4, 5] val loss": 0.0462,
    "lr: 0.01, epochs: 70, T: 10.0, weight: 0.9, classes: [0, 1, 2, 3, 4, 5] classwise_performance": {
        "0": 0.9949,
        "1": 0.99736,
        "2": 0.99419,
        "3": 0.99604,
        "4": 0.99593,
        "5": 0.99103,
        "6": 0.98643,
        "7": 0.96012,
        "8": 0.97331,
        "9": 0.97225
    },
    "lr: 0.01, epochs: 70, T: 5.0, weight: 0.9, classes: [0, 1, 2, 3, 4, 5] val loss": 0.04679,
    "lr: 0.01, epochs: 70, T: 5.0, weight: 0.9, classes: [0, 1, 2, 3, 4, 5] classwise_performance": {
        "0": 0.9949,
        "1": 0.99559,
        "2": 0.99322,
        "3": 0.99406,
        "4": 0.98574,
        "5": 0.98655,
        "6": 0.97599,
        "7": 0.94844,
        "8": 0.95175,
        "9": 0.96036
    },
    "lr: 0.001, epochs: 70, T: 2.5, weight: 0.9, classes: [0, 1, 2, 3, 4, 5] val loss": 0.0558,
    "lr: 0.001, epochs: 70, T: 2.5, weight: 0.9, classes: [0, 1, 2, 3, 4, 5] classwise_performance": {
        "0": 0.99082,
        "1": 0.99119,
        "2": 0.96318,
        "3": 0.97426,
        "4": 0.98167,
        "5": 0.90695,
        "6": 0.26409,
        "7": 0.36965,
        "8": 0.09651,
        "9": 0.23191
    },
    "lr: 0.001, epochs: 70, T: 20.0, weight: 0.9, classes: [0, 1, 2, 3, 4, 5] val loss": 0.04908,
    "lr: 0.001, epochs: 70, T: 20.0, weight: 0.9, classes: [0, 1, 2, 3, 4, 5] classwise_performance": {
        "0": 0.98878,
        "1": 0.99471,
        "2": 0.98643,
        "3": 0.99406,
        "4": 0.9776,
        "5": 0.96413,
        "6": 0.9071,
        "7": 0.77432,
        "8": 0.85318,
        "9": 0.85233
    },
    "lr: 0.001, epochs: 70, T: 10.0, weight: 0.9, classes: [0, 1, 2, 3, 4, 5, 6, 7, 8] val loss": 0.0468,
    "lr: 0.001, epochs: 70, T: 10.0, weight: 0.9, classes: [0, 1, 2, 3, 4, 5, 6, 7, 8] classwise_performance": {
        "0": 0.99184,
        "1": 0.99471,
        "2": 0.98643,
        "3": 0.99505,
        "4": 0.98269,
        "5": 0.97085,
        "6": 0.98643,
        "7": 0.97957,
        "8": 0.97844,
        "9": 0.91179
    },
    "lr: 0.01, epochs: 70, T: 2.5, weight: 0.9, classes: [0, 1, 2, 3, 4, 5] val loss": 0.04824,
    "lr: 0.01, epochs: 70, T: 2.5, weight: 0.9, classes: [0, 1, 2, 3, 4, 5] classwise_performance": {
        "0": 0.99388,
        "1": 0.99295,
        "2": 0.9845,
        "3": 0.98614,
        "4": 0.97454,
        "5": 0.95516,
        "6": 0.92693,
        "7": 0.87257,
        "8": 0.89014,
        "9": 0.889
    }
}