{
    "lr: 0.01, epochs: 70, T: 20.0, weight: 0.9, classes: [0, 1, 2, 3, 4, 5] val loss": 0.04616,
    "lr: 0.01, epochs: 70, T: 20.0, weight: 0.9, classes: [0, 1, 2, 3, 4, 5] classwise_performance": {
        "0": 0.9949,
        "1": 0.99471,
        "2": 0.99516,
        "3": 0.99802,
        "4": 0.99491,
        "5": 0.98879,
        "6": 0.98434,
        "7": 0.95817,
        "8": 0.97228,
        "9": 0.97522
    },
    "lr: 0.01, epochs: 70, T: 15.0, weight: 0.9, classes: [0, 1, 2, 3, 4, 5] val loss": 0.04625,
    "lr: 0.01, epochs: 70, T: 15.0, weight: 0.9, classes: [0, 1, 2, 3, 4, 5] classwise_performance": {
        "0": 0.99286,
        "1": 0.99559,
        "2": 0.99516,
        "3": 0.99604,
        "4": 0.99287,
        "5": 0.99103,
        "6": 0.97912,
        "7": 0.95331,
        "8": 0.97741,
        "9": 0.96829
    },
    "lr: 0.01, epochs: 70, T: 10.0, weight: 0.9, classes: [0, 1, 2, 3, 4, 5] val loss": 0.04634,
    "lr: 0.01, epochs: 70, T: 10.0, weight: 0.9, classes: [0, 1, 2, 3, 4, 5] classwise_performance": {
        "0": 0.99388,
        "1": 0.99648,
        "2": 0.99612,
        "3": 0.99604,
        "4": 0.99491,
        "5": 0.98991,
        "6": 0.9833,
        "7": 0.96401,
        "8": 0.9692,
        "9": 0.97126
    },
    "lr: 0.01, epochs: 70, T: 5.0, weight: 0.9, classes: [0, 1, 2, 3, 4, 5] val loss": 0.0465,
    "lr: 0.01, epochs: 70, T: 5.0, weight: 0.9, classes: [0, 1, 2, 3, 4, 5] classwise_performance": {
        "0": 0.9949,
        "1": 0.99648,
        "2": 0.99322,
        "3": 0.99406,
        "4": 0.97658,
        "5": 0.99215,
        "6": 0.98643,
        "7": 0.95525,
        "8": 0.96099,
        "9": 0.97126
    },
    "lr: 0.001, epochs: 70, T: 2.5, weight: 0.9, classes: [0, 1, 2, 3, 4, 5] val loss": 0.05563,
    "lr: 0.001, epochs: 70, T: 2.5, weight: 0.9, classes: [0, 1, 2, 3, 4, 5] classwise_performance": {
        "0": 0.99082,
        "1": 0.99119,
        "2": 0.96221,
        "3": 0.96931,
        "4": 0.98167,
        "5": 0.91816,
        "6": 0.25783,
        "7": 0.45233,
        "8": 0.15606,
        "9": 0.2002
    },
    "lr: 0.01, epochs: 70, T: 2.5, weight: 0.9, classes: [0, 1, 2, 3, 4, 5] val loss": 0.04737,
    "lr: 0.01, epochs: 70, T: 2.5, weight: 0.9, classes: [0, 1, 2, 3, 4, 5] classwise_performance": {
        "0": 0.99388,
        "1": 0.99559,
        "2": 0.9845,
        "3": 0.98515,
        "4": 0.97352,
        "5": 0.98094,
        "6": 0.9739,
        "7": 0.92023,
        "8": 0.93634,
        "9": 0.96729
    }
}